2048	330	392	RGBA
3dforge-box	1014	654	RGBA
3dforge-cam-gcode	1014	654	RGBA
3dforge-cam-ops	1014	654	RGBA
3dforge-cam-sim	1014	654	RGBA
3dforge-cam	1014	654	RGBA
3dforge-canvas	1014	654	RGBA
3dforge-cut	1014	654	RGBA
3dforge-export	1014	654	RGBA
3dforge-fdm-layers	1014	654	RGBA
3dforge-fdm	1014	654	RGBA
3dforge-fillet	1014	654	RGBA
3dforge-print-layers	1014	654	RGBA
3dforge-print-supports	1014	654	RGBA
3dforge-print	1014	654	RGBA
3dforge-shapes	1014	654	RGBA
3dforge-sketch	1014	654	RGBA
3dforge	1014	654	RGBA
agenda	400	180	RGB
archiver-drop	968	632	RGBA
archiver-extract	968	632	RGBA
archiver-welcome	968	632	RGBA
archiver	968	632	RGBA
arkanoid	440	470	RGB
basicdemo	488	392	RGBA
calendar-day	1008	654	RGBA
calendar-event	1008	654	RGBA
calendar-month	1008	654	RGBA
calendar	1008	654	RGBA
cardfile-design	908	632	RGBA
cardfile-list	908	632	RGBA
cardfile-merge	908	632	RGBA
cardfile	908	632	RGBA
circuits-check	1008	652	RGBA
circuits-fr	1008	652	RGBA
circuits-step	1008	652	RGBA
circuits	1008	652	RGBA
clipboard	1024	768	RGB
clock-alarms-fr	568	472	RGBA
clock-alarms	568	472	RGBA
clock-analogue-fr	568	472	RGBA
clock-analogue	568	472	RGBA
clock-cities-fr	568	472	RGBA
clock-cities	568	472	RGBA
clock-edit-fr	568	472	RGBA
clock-edit	568	472	RGBA
clock-ring-fr	568	472	RGBA
clock-ring	568	472	RGBA
clock-stopwatch-fr	568	472	RGBA
clock-stopwatch	568	472	RGBA
clock-timer-fr	568	472	RGBA
clock-timer	568	472	RGBA
clock-timesup-fr	568	472	RGBA
clock-timesup	568	472	RGBA
clock	400	330	RGB
config	708	548	RGBA
control	708	548	RGBA
courier-env	972	654	RGBA
courier-tests	972	654	RGBA
courier	972	654	RGBA
critters-build	808	480	RGBA
critters-end	808	480	RGBA
critters-fr	808	480	RGBA
critters-help	808	480	RGBA
critters-play-fr	808	480	RGBA
critters-play	808	480	RGBA
critters	808	480	RGBA
demoa	254	219	RGBA
demob	274	239	RGBA
democ	334	279	RGBA
demod	314	259	RGBA
demoe	334	279	RGBA
demof	52	220	RGBA
desktop	1024	768	RGB
disks	648	502	RGBA
displayconf	708	548	RGBA
dock	1024	592	RGB
dockconf	708	548	RGBA
eyes	188	142	RGBA
filedialog	568	462	RGBA
fileviewer	888	572	RGBA
fmtracker-instrument	988	692	RGBA
fmtracker	988	692	RGBA
freecell	610	592	RGBA
gamelib	988	612	RGBA
gpiolab-code	1128	672	RGBA
gpiolab-edges	1128	672	RGBA
gpiolab-i2c	1128	672	RGBA
gpiolab	1128	672	RGBA
graphcalc	768	532	RGBA
iconedit	708	552	RGBA
imageview	734	579	RGBA
inidemo	394	289	RGBA
invaders	456	512	RGBA
irc-pm	408	592	RGBA
irc-rooms	888	612	RGBA
irc	888	612	RGBA
jet	1020	742	RGB
keyconf	708	548	RGBA
koton-accomp	1920	966	RGBA
koton-ai	1920	966	RGBA
koton-drums	1920	966	RGBA
koton-plugin-arp	600	334	RGB
koton-plugin-fm2	600	236	RGB
koton-riff	1920	966	RGBA
koton-rings	1920	966	RGBA
koton	1920	966	RGBA
langconf	708	548	RGBA
ledger-coda	1008	732	RGBA
ledger-invoice	1008	732	RGBA
ledger-print	1024	654	RGBA
ledger-quote	1008	732	RGBA
ledger-quotes	1008	732	RGBA
ledger-reports	1008	732	RGBA
ledger-sales	1008	732	RGBA
ledger-vat	1008	732	RGBA
ledger	1008	732	RGBA
letters-merge	1008	732	RGBA
letters-pdf	1008	732	RGBA
letters	1008	732	RGBA
life	606	479	RGBA
mail-compose	1008	654	RGBA
mail-contacts	1008	654	RGBA
mail-hosted	1008	654	RGBA
mail-html	1008	654	RGBA
mail-m365	1008	654	RGBA
mail-outlook	1008	654	RGBA
mail-thread	1008	654	RGBA
mail-wizard	1008	654	RGBA
mail	1008	654	RGBA
mandelbrot	348	294	RGBA
media-album	1008	654	RGBA
media-albums	1008	654	RGBA
media-episode	1008	654	RGBA
media-home	1008	654	RGBA
media-midi	1008	654	RGBA
media-mini	338	124	RGBA
media-nowplaying	1008	654	RGBA
media-songs	1008	654	RGBA
media-videos	1008	654	RGBA
media-watch	1008	654	RGBA
media-welcome	1008	654	RGBA
menubar-tray	500	80	RGB
menubar	1024	200	RGB
milk	1024	768	RGB
minesweeper	408	356	RGBA
nintendoemu	1000	640	RGB
notes-desktop	1024	768	RGB
notes-empty	768	512	RGBA
notes	768	512	RGBA
padconf	708	548	RGBA
paint-brushes	1016	736	RGBA
paint-fade	1016	736	RGBA
paint-grid	1016	736	RGBA
paint	1016	736	RGBA
pdf-contents	1008	654	RGBA
pdf-find	1008	654	RGBA
pdf-home	1008	654	RGBA
pdf-props	1008	654	RGBA
pdf-zoom	1008	654	RGBA
pdf	1008	654	RGBA
photos-albums	1008	654	RGBA
photos-crop	1008	654	RGBA
photos-edit	1008	654	RGBA
photos-filters	1008	654	RGBA
photos-menu	1008	654	RGBA
photos-select	1008	654	RGBA
photos-viewer	1008	654	RGBA
photos	1008	654	RGBA
pi-jet-programmez-window	1920	1080	RGB
pi-jet-programmez	1920	1080	RGB
pinball-broken	608	712	RGBA
pinball-fr	608	712	RGBA
pinball-multiball	608	712	RGBA
pinball-play	608	712	RGBA
pinball	608	712	RGBA
pipes	542	414	RGBA
pkgman-available	708	548	RGBA
pkgman-installed	708	548	RGBA
pkgman-restart	708	548	RGBA
pkgman	708	548	RGBA
pong	494	359	RGBA
preloadconf	708	548	RGBA
qbstudio-code	1008	732	RGBA
qbstudio-hosts	1008	732	RGBA
qbstudio-kits	1008	732	RGBA
qbstudio	1008	732	RGBA
rtfview	648	532	RGBA
same	470	393	RGBA
screenshot-edit	828	587	RGBA
screenshot-pen	828	587	RGBA
screenshot-select	1024	768	RGBA
screenshot-window	1024	768	RGBA
screenshot	568	232	RGBA
setup-0	1024	768	RGB
setup-1	1024	768	RGB
setup-2	1024	768	RGB
setup-2b	1024	768	RGB
setup-2c	1024	768	RGB
setup-3	1024	768	RGB
setup-3b	1024	768	RGB
setup-4	1024	768	RGB
setup-5	1024	768	RGB
setup-6	1024	768	RGB
sheet-filter	1008	654	RGBA
sheet-loan	1008	654	RGBA
sheet-pdf	1008	654	RGBA
sheet	1008	654	RGBA
slides-animate	1008	732	RGBA
slides-master	1008	732	RGBA
slides-pptx	1008	732	RGBA
slides-show	1024	768	RGBA
slides-sorter	1008	732	RGBA
slides-text	1008	732	RGBA
slides	1008	732	RGBA
snake	470	405	RGBA
sokoban	558	469	RGBA
solitaire	552	572	RGBA
soundconf	708	548	RGBA
stickies-empty	320	200	RGB
stickies	320	620	RGB
taskman-memory	568	492	RGBA
taskman-network	578	502	RGB
taskman-processor	578	502	RGB
taskman	568	492	RGBA
telegram-addcontact	948	654	RGBA
telegram-contacts	948	654	RGBA
telegram-emoticons	948	654	RGBA
telegram-group	948	654	RGBA
telegram-picture	948	654	RGBA
telegram-signin	948	654	RGBA
telegram-stranger	948	654	RGBA
telegram-windows	1024	768	RGB
telegram	948	654	RGBA
terminal	628	452	RGBA
tetris	338	423	RGBA
tinycalc	288	328	RGBA
tinypad	568	462	RGBA
turtle-editor-gems	1008	654	RGBA
turtle-editor	1008	654	RGBA
turtle-fr-gems	1008	654	RGBA
turtle-fr	1008	654	RGBA
turtle-fractal	1008	654	RGBA
turtle-portals	1008	654	RGBA
turtle-rainbow	1008	654	RGBA
turtle	1008	654	RGBA
usbmenu	500	180	RGB
volume	1024	150	RGB
voronoy	1024	768	RGBA
wallpapers	1064	408	RGB
widgets	668	580	RGBA
wifimenu	1024	300	RGB
wpaconf	708	548	RGBA
letters-table	1008	732	RGBA
theme	708	548	RGBA
clock-world	568	472	RGBA
clock-world-fr	568	472	RGBA
fileviewer-crop	650	572	RGBA
gamelib-crop	763	297	RGBA
koton-crop	1920	936	RGBA
