# Ledger's default chart of accounts: code, French name (PCMN), Dutch name (MAR)
0	Droits et engagements hors bilan	Niet in de balans opgenomen rechten en verplichtingen
00	Garanties constituées par des tiers pour compte de l’entreprise	Zekerheden door derden gesteld voor rekening van de onderneming
000	Créanciers de l'entreprise, bénéficiaires de garanties de tiers	Crediteuren van de onderneming, houders van door derden gestelde zekerheden
001	Tiers constituants de garanties pour compte de l’entreprise	Derden, stellers van zekerheden gesteld voor rekening van de onderneming
01	Garanties personnelles constituées pour compte de tiers	Persoonlijke zekerheden gesteld voor rekening van derden
010	Débiteurs pour engagements sur effets en circulation	Debiteuren wegens verplichtingen uit wissels in omloop
011	Créanciers d'engagements sur effets en circulation	Crediteuren wegens verplichtingen uit wissels in omloop
012	Débiteurs pour autres garanties personnelles	Debiteuren wegens andere persoonlijke zekerheden
013	Créanciers d'autres garanties personnelles	Crediteuren wegens andere persoonlijke zekerheden
02	Garanties réelles constituées sur avoirs propres	Zakelijke zekerheden gesteld op eigen activa
020	Créanciers de l'entreprise, bénéficiaires de garanties réelles	Crediteuren van de onderneming, houders van zakelijke zekerheden
021	Garanties réelles constituées pour compte propre	Zakelijke zekerheden gesteld voor eigen rekening
022	Créanciers de tiers, bénéficiaires de garanties réelles	Crediteuren van derden, houders van zakelijke zekerheden
023	Garanties réelles constituées pour compte de tiers	Zakelijke zekerheden gesteld voor rekening van derden
03	Garanties reçues	Ontvangen zekerheden
030	Dépôts statutaires	Statutaire bewaargevingen
031	Déposants statutaires	Statutaire bewaargevers
032	Garanties reçues	Ontvangen zekerheden
033	Constituant de garanties	Zekerheidsstellers
04	Biens et valeurs détenus par des tiers en leur nom mais aux risques et profits de l’entreprise	Goederen en waarden gehouden door derden in hun naam, maar ten bate en voor risico van de onderneming
040	Tiers, détenteurs en leur nom mais aux risques et profits de l'entreprise de biens et de valeurs	Derden, houders in hun naam, maar ten bate en voor risico van de onderneming van goederen en waarden
041	Biens et valeurs détenus par des tiers en leur nom mais aux risques et profits de l’entreprise	Goederen en waarden gehouden door derden in hun naam, maar ten bate en voor risico van de onderneming
05	Engagements d'acquisition et de cession d’immobilisations	Verplichtingen tot aan- en verkoop van vaste activa
050	Engagements d'acquisition	Verplichtingen tot aankoop
051	Créanciers d'engagements d'acquisition	Crediteuren wegens verplichtingen tot aankoop
052	Débiteurs pour engagements de cession	Debiteuren wegens verplichtingen tot verkoop
053	Engagements de cession	Verplichtingen tot verkoop
06	Marchés à terme	Termijnovereenkomsten
060	Marchandises achetées à terme - à recevoir	Op termijn gekochte goederen - te ontvangen
061	Créanciers pour marchandises achetées à terme	Crediteuren wegens op termijn gekochte goederen
062	Débiteurs pour marchandises vendues à terme	Debiteuren wegens op termijn verkochte goederen
063	Marchandises vendues à terme - à livrer	Op termijn verkochte goederen - te leveren
064	Devises achetées à terme - à recevoir	Op termijn gekochte deviezen - te ontvangen
065	Créanciers pour devises achetées à terme	Crediteuren wegens op termijn gekochte deviezen
066	Débiteurs pour devises vendues à terme	Debiteuren wegens op termijn verkochte deviezen
067	Devises vendues à terme - à livrer	Op termijn verkochte deviezen - te leveren
07	Biens et valeurs de tiers détenus par l'établissement	Goederen en waarden van derden gehouden door de onderneming
070	Droits d'usage à long terme	Gebruiksrechten op lange termijn
071	Créanciers de loyers et redevances	Crediteuren wegens huurgelden en vergoedingen
072	Biens et valeurs de tiers reçus en dépôt, en consignation ou à façon	Goederen en waarden door derden in bewaring, in consignatie of in bewerking gegeven
073	Commettants et déposants de biens et de valeurs	Committenten en deponenten van goederen en waarden
074	Biens et valeurs détenus pour compte ou aux risques et profits de tiers	Goederen en waarden gehouden voor rekening of ten bate en voor risico van derden
075	Créanciers de biens et valeurs détenus pour compte de tiers ou à leurs risques et profits	Crediteuren wegens goederen en waarden gehouden voor rekening of ten bate en voor risico van derden
09	Droits et engagements divers	Diverse rechten en verplichtingen
1	Fonds propres, provisions pour risques et charges et dettes à plus d’un an	Eigen vermogen, voorzieningen voor risico's en kosten en schulden op meer dan één jaar
10	Capital	Kapitaal
100	Capital souscrit	Geplaatst kapitaal
100000	Capital souscrit	Geplaatst kapitaal
101	Capital non appelé (–)	Niet opgevraagd kapitaal (–)
101000	Capital non appelé (-)	Niet opgevraagd kapitaal (-)
11	Apport hors capital	Inbreng buiten kapitaal
110	Apport disponible hors capital	Beschikbare inbreng buiten kapitaal
110000	Apport disponible hors capital - Prime d'émission	Beschikbare inbreng buiten kapitaal - Uitgiftepremie
110900	Apport disponible hors capital - Autres	Beschikbare inbreng buiten kapitaal - Andere
111	Apport indisponible hors capital	Onbeschikbare inbreng buiten kapitaal
111000	Apport indisponible hors capital - Prime d'émission	Onbeschikbare inbreng buiten kapitaal - Uitgiftepremie
111900	Apport indisponible hors capital - Autres	Onbeschikbare inbreng buiten kapitaal - Andere
12	Plus-values de réévaluation	Herwaarderingsmeerwaarden
120	Plus-values de réévaluation sur immobilisations incorporelles	Herwaarderingsmeerwaarden op immateriële vaste activa
120000	Plus-values de réévaluation sur immobilisations incorporelles	Herwaarderingsmeerwaarden op immateriële vaste activa
121	Plus-values de réévaluation sur immobilisations corporelles	Herwaarderingsmeerwaarden op materiële vaste activa
121000	Plus-values de réévaluation sur immobilisations corporelles	Herwaarderingsmeerwaarden op materiële vaste activa
122	Plus-values de réévaluation sur immobilisations financières	Herwaarderingsmeerwaarden op financiële vaste activa
122000	Plus-values de réévaluation sur immobilisations financières	Herwaarderingsmeerwaarden op financiële vaste activa
123	Plus-values de réévaluation sur stocks	Herwaarderingsmeerwaarden op voorraden
123000	Plus-values de réévaluation sur stocks	Herwaarderingsmeerwaarden op voorraden
124	Reprises de réductions de valeur sur placements de trésorerie	Terugneming van waardeverminderingen op geldbeleggingen
124000	Reprises de réductions de valeur sur placements de trésorerie	Terugneming van waardeverminderingen op geldbeleggingen
13	Réserves	Reserves
130	Réserves légales	Wettelijke reserves
130000	Réserves légales	Wettelijke reserves
131	Autres réserves indisponibles	Andere onbeschikbare reserves
131100	Réserves statutairement indisponibles	Statutair onbeschikbare reserves
131200	Réserve pour actions propres	Reserve voor eigen aandelen
131300	Soutien financier	Financiële steunverlening
131900	Autres réserves indisponibles	Andere onbeschikbare reserves
132	Réserves immunisées	Belastingvrije reserves
132000	Réserves immunisées	Belastingvrije reserves
133	Réserves disponibles	Beschikbare reserves
133000	Réserves disponibles	Beschikbare reserves
14	Bénéfice reporté ou perte reportée (–)	Overgedragen winst of Overgedragen verlies (–)
140	Bénéfice reporté	Overgedragen winst
140000	Bénéfice reporté	Overgedragen winst
141	Perte reportée (-)	Overgedragen verlies (-)
141000	Perte reportée (-)	Overgedragen verlies (-)
149	Répartition des profits et des pertes	Winst-/verliesverdeling
149000	Répartition des profits et des pertes	Winst-/verliesverdeling
15	Subsides en capital	Kapitaalsubsidies
150000	Subsides en capital	Kapitaalsubsidies
16	Provisions et impôts différés	Voorzieningen en uitgestelde belastingen
160	Provisions pour pensions et obligations similaires	Voorzieningen voor pensioenen en soortgelijke verplichtingen
160000	Provisions pour pensions et obligations similaires	Voorzieningen voor pensioenen en soortgelijke verplichtingen
161	Provisions pour charges fiscales	Voorzieningen voor belastingen
161000	Provisions pour charges fiscales	Voorzieningen voor belastingen
162	Provisions pour grosses réparations et gros entretien	Voorzieningen voor grote herstellingswerken en grote onderhoudswerken
162000	Provisions pour grosses réparations et gros entretien	Voorzieningen voor grote herstellings- en onderhoudswerken
163	Provisions pour obligations environnementales	Voorzieningen voor milieuverplichtingen
163000	Provisions pour obligations environnementales	Voorzieningen voor milieuverplichtingen
164	Provisions pour autres risques et charges	Voorzieningen voor overige risico's en kosten
164000	Provisions pour autres risques et charges	Voorzieningen voor overige risico's en kosten
168	Impôts différés	Uitgestelde belastingen
168000	Impôts différés afférents à des subsides en capital	Uitgestelde belastingen op kapitaalsubsidies
168100	Impôts différés afférents à des plus-values réalisées sur immobilisations incorporelles	Uitgestelde belastingen op gerealiseerde meerwaarden op immateriële vaste activa
168200	Impôts différés afférents à des plus-values réalisées sur immobilisations corporelles	Uitgestelde belastingen op gerealiseerde meerwaarden op materiële vaste activa
168700	Impôts différés afférents à des plus-values réalisées sur titres émis par le secteur public belge	Uitgestelde belastingen op gerealiseerde meerwaarden op effecten die zijn uitgegeven door de Belgische openbare sector
168800	Impôts différés étrangers	Buitenlandse uitgestelde belastingen
17	Dettes à plus d'un an	Schulden op meer dan één jaar
170	Emprunts subordonnés	Achtergestelde leningen
170000	Emprunts subordonnés - Convertibles (> 1 an)	Achtergestelde leningen - Converteerbaar (> 1 jaar)
170100	Emprunts subordonnés - Non convertibles (> 1 an)	Achtergestelde leningen - Niet converteerbaar (> 1 jaar)
171	Emprunts obligataires non subordonnés	Niet-achtergestelde obligatieleningen
171000	Emprunts obligataires non subordonnés - Convertibles (> 1 an)	Niet-achtergestelde obligatieleningen - Converteerbaar (> 1 jaar)
171100	Emprunts obligataires non subordonnés - Non convertibles (> 1 an)	Niet-achtergestelde obligatieleningen - Niet converteerbaar (> 1 jaar)
172	Dettes de location-financement et assimilées	Leasingschulden en soortgelijke schulden
172000	Dettes de location-financement et assimilées (> 1 an)	Leasingschulden en soortgelijke schulden (> 1 jaar)
173	Établissements de crédit	Kredietinstellingen
173000	Etablissements de crédit - Dettes en compte (> 1 an)	Kredietinstellingen - Schulden op rekening (> 1 jaar)
173100	Etablissements de crédit - Promesses (> 1 an)	Kredietinstellingen - Promessen (> 1 jaar)
173200	Etablissements de crédit - Crédits d'acceptation (> 1 an)	Kredietinstellingen - Acceptkredieten (> 1 jaar)
174	Autres emprunts	Overige leningen
174000	Autres emprunts (> 1 an)	Overige leningen (> 1 jaar)
175	Dettes commerciales	Handelsschulden
175000	Fournisseurs (> 1 an)	Leveranciers (> 1 jaar)
175100	Effets à payer (> 1 an)	Te betalen wissels (> 1 jaar)
176	Acomptes sur commandes	Vooruitbetalingen op bestellingen
176000	Acomptes sur commandes (> 1 an)	Vooruitbetalingen op bestellingen (> 1 jaar)
178	Cautionnements reçus en numéraire	Borgtochten ontvangen in contanten
178000	Cautionnements reçus en numéraire (> 1 an)	Borgtochten ontvangen in contanten (> 1 jaar)
179	Dettes diverses	Overige schulden
179000	Dettes diverses (> 1 an)	Overige schulden (> 1 jaar)
19	Acompte aux associés sur le partage de l'actif net (-)	Voorschot aan de vennoten op de verdeling van het netto-actief (-)
190000	Acompte aux associés sur le partage de l'actif net (-)	Voorschot aan de vennoten op de verdeling van het netto-actief (-)
2	Frais d'établissement, actifs immobilisés et créances à plus d'un an	Oprichtingskosten, vaste activa en vorderingen op meer dan één jaar
20	Frais d'établissement	Oprichtingskosten
200	Frais de constitution, d'augmentation de capital ou d'augmentation de l'apport	Kosten van oprichting, kapitaalverhoging of verhoging van de inbreng
200000	Frais de constitution, d'augmentation de capital ou d'augmentation de l'apport	Kosten van oprichting, kapitaalverhoging of verhoging van de inbreng
201	Frais d'émission d'emprunts	Kosten bij uitgifte van leningen
201000	Frais d'émission d'emprunts	Kosten bij uitgifte van leningen
202	Autres frais d'établissement	Overige oprichtingskosten
202000	Autres frais d'établissement	Overige oprichtingskosten
204	Frais de restructuration	Herstructureringskosten
204000	Frais de restructuration	Herstructureringskosten
21	Immobilisations incorporelles	Immateriële vaste activa
210	Frais de recherche et de développement	Kosten van onderzoek en ontwikkeling
210000	Frais de recherche et de développement - Valeur d'acquisition	Kosten van onderzoek en ontwikkeling - Aanschaffingswaarde
210008	Frais de recherche et de développement - Plus-values	Kosten van onderzoek en ontwikkeling - Meerwaarden
210009	Frais de recherche et de développement - Amortissements ou réductions de valeur (-)	Kosten van onderzoek en ontwikkeling - Afschrijvingen of waardeverminderingen (-)
211	Concessions, brevets, licences, savoir-faire, marques et droits similaires	Concessies, octrooien, licenties, know-how, merken en soortgelijke rechten
211000	Concessions, brevets, licences, savoir-faire, marques et droits similaires - Valeur d'acquisition	Concessies, octrooien, licenties, know-how, merken en soortgelijke rechten - Aanschaffingswaarde
211008	Concessions, brevets, licences, savoir-faire, marques et droits similaires - Plus-values	Concessies, octrooien, licenties, know-how, merken en soortgelijke rechten - Meerwaarden
211009	Concessions, brevets, licences, savoir-faire, marques et droits similaires - Amortissements ou réductions de valeur (-)	Concessies, octrooien, licenties, know-how, merken en soortgelijke rechten - Afschrijvingen of waardeverminderingen (-)
212	Goodwill	Goodwill
212000	Goodwill - Valeur d'acquisition	Goodwill - Aanschaffingswaarde
212008	Goodwill - Plus-values	Goodwill - Meerwaarden
212009	Goodwill - Amortissements ou réductions de valeur (-)	Goodwill - Afschrijvingen of waardeverminderingen (-)
213	Acomptes versés	Vooruitbetalingen
213000	Acomptes versés pour immobilisations incorporelles	Vooruitbetalingen voor immateriële vaste activa
215000	Logiciels - Valeur d'acquisition	Software - Aanschaffingswaarde
215008	Logiciels - Plus-values	Software - Meerwaarden
215009	Logiciels - Amortissements ou réductions de valeur (-)	Software - Afschrijvingen of waardeverminderingen (-)
22	Terrains et constructions	Terreinen en gebouwen
220	Terrains	Terreinen
220000	Terrains - Valeur d'acquisition	Terreinen - Aanschaffingswaarde
220008	Terrains - Plus-values	Terreinen - Meerwaarden
220009	Terrains - Amortissements ou réductions de valeur (-)	Terreinen - Afschrijvingen of waardeverminderingen (-)
221	Constructions	Gebouwen
221000	Constructions - Valeur d'acquisition	Gebouwen - Aanschaffingswaarde
221008	Constructions - Plus-values	Gebouwen - Meerwaarden
221009	Constructions - Amortissements ou réductions de valeur (-)	Gebouwen - Afschrijvingen of waardeverminderingen (-)
222	Terrains bâtis	Bebouwde terreinen
222000	Terrains bâtis - Valeur d'acquisition	Bebouwde terreinen - Aanschaffingswaarde
222008	Terrains bâtis - Plus-values	Bebouwde terreinen - Meerwaarden
222009	Terrains bâtis - Amortissements ou réductions de valeur (-)	Bebouwde terreinen - Afschrijvingen of waardeverminderingen (-)
223	Autres droits réels sur des immeubles	Overige zakelijke rechten op onroerende goederen
223000	Autres droits réels sur des immeubles - Valeur d'acquisition	Overige zakelijke rechten op onroerende goederen - Aanschaffingswaarde
223008	Autres droits réels sur des immeubles - Plus-values	Overige zakelijke rechten op onroerende goederen - Meerwaarden
223009	Autres droits réels sur des immeubles - Amortissements ou réductions de valeur (-)	Overige zakelijke rechten op onroerende goederen - Afschrijvingen of waardeverminderingen (-)
23	Installations, machines et outillage	Installaties, machines en uitrusting
230000	Installations, machines et outillage - Valeur d'acquisition	Installaties, machines en uitrusting - Aanschaffingswaarde
230008	Installations, machines et outillage - Plus-values	Installaties, machines en uitrusting - Meerwaarden
230009	Installations, machines et outillage - Amortissements ou réductions de valeur (-)	Installaties, machines en uitrusting - Afschrijvingen of waardeverminderingen (-)
24	Mobilier et matériel roulant	Meubilair en rollend materieel
240000	Mobilier et matériel de bureau	Kantoormeubilair en -uitrusting - Aanschaffingswaarde
240008	Mobilier et matériel de bureau - Plus-values	Kantoormeubilair en -uitrusting - Meerwaarden
240009	Mobilier et matériel de bureau - Amortissements ou réductions de valeur (-)	Kantoormeubilair en -uitrusting - Afschrijvingen of waardeverminderingen (-)
241000	Voitures - Valeur d'acquisition	Auto's - Aanschaffingswaarde
241001	Voitures - Accessoires	Auto's - Accessoires
241008	Voitures - Plus-values	Auto's - Meerwaarden
241009	Voitures - Amortissements ou réductions de valeur (-)	Auto's - Afschrijvingen of waardeverminderingen (-)
241100	Motos - Valeur d'acquisition	Motorfietsen - Aanschaffingswaarde
241101	Motos - Accessoires	Motorfietsen - Accessoires
241108	Motos - Plus-values	Motorfietsen - Meerwaarden
241109	Motos - Amortissements ou réductions de valeur (-)	Motorfietsen - Afschrijvingen of waardeverminderingen (-)
241200	Vélos - Valeur d'acquisition	Fietsen - Aanschaffingswaarde
241201	Vélos - Accessoires	Fietsen - Accessoires
241208	Vélos - Plus-values	Fietsen - Meerwaarden
241209	Vélos - Amortissements ou réductions de valeur (-)	Fietsen - Afschrijvingen of waardeverminderingen (-)
241300	Vélos électriques - Valeur d'acquisition	Elektrische fietsen - Aanschaffingswaarde
241301	Vélos électriques - Accessoires	Elektrische fietsen - Accessoires
241308	Vélos électriques - Plus-values	Elektrische fietsen - Meerwaarden
241309	Vélos électriques - Amortissements ou réductions de valeur (-)	Elektrische fietsen - Afschrijvingen of waardeverminderingen (-)
241400	Véhicules utilitaires - Valeur d'acquisition	Bedrijfsvoertuigen - Aanschaffingswaarde
241401	Véhicules utilitaires - Accessoires	Bedrijfsvoertuigen - Accessoires
241408	Véhicules utilitaires - Plus-values	Bedrijfsvoertuigen - Meerwaarden
241409	Véhicules utilitaires - Amortissements ou réductions de valeur (-)	Bedrijfsvoertuigen - Afschrijvingen of waardeverminderingen (-)
25	Immobilisations détenues en location-financement et droits similaires	Vaste activa in leasing of op grond van een soortgelijk recht
250	Terrains et constructions	Terreinen en gebouwen
250000	Terrains et constructions en leasing financier - Valeur d'acquisition	Terreinen en gebouwen in financiële leasing - Aanschaffingswaarde
250008	Terrains et constructions en leasing financier - Plus-values	Terreinen en gebouwen in financiële leasing - Meerwaarden
250009	Terrains et constructions en leasing financier - Amortissements ou réductions de valeur (-)	Terreinen en gebouwen in financiële leasing - Afschrijvingen of waardeverminderingen (-)
251	Installations, machines et outillage	Installaties, machines en uitrusting
251000	Installations, machines et outillage en leasing financier - Valeur d'acquisition	Installaties, machines en uitrusting in financiële leasing - Aanschaffingswaarde
251008	Installations, machines et outillage en leasing financier - Plus-values	Installaties, machines en uitrusting in financiële leasing - Meerwaarden
251009	Installations, machines et outillage en leasing financier - Amortissements ou réductions de valeur (-)	Installaties, machines en uitrusting in financiële leasing - Afschrijvingen of waardeverminderingen (-)
252	Mobilier et matériel roulant	Meubilair en rollend materieel
252000	Voitures en leasing financier - Valeur d'acquisition	Auto's in financiële leasing - Aanschaffingswaarde
252008	Voitures en leasing financier - Plus-values	Auto's in financiële leasing - Meerwaarden
252009	Voitures en leasing financier - Amortissements ou réductions de valeur (-)	Auto's in financiële leasing - Afschrijvingen of waardeverminderingen (-)
252100	Motos en leasing financier - Valeur d'acquisition	Motorfietsen in financiële leasing - Aanschaffingswaarde
252108	Motos en leasing financier - Plus-values	Motorfietsen in financiële leasing - Meerwaarden
252109	Motos en leasing financier - Amortissements ou réductions de valeur (-)	Motorfietsen in financiële leasing - Afschrijvingen of waardeverminderingen (-)
252200	Vélos en leasing financier - Valeur d'acquisition	Fietsen in financiële leasing - Aanschaffingswaarde
252208	Vélos en leasing financier - Plus-values	Fietsen in financiële leasing - Meerwaarden
252209	Vélos en leasing financier - Amortissements ou réductions de valeur (-)	Fietsen in financiële leasing - Afschrijvingen of waardeverminderingen (-)
252300	Vélos électriques en leasing financier - Valeur d'acquisition	Elektrische fietsen in financiële leasing - Aanschaffingswaarde
252308	Vélos électriques en leasing financier - Plus-values	Elektrische fietsen in financiële leasing - Meerwaarden
252309	Vélos électriques en leasing financier - Amortissements ou réductions de valeur (-)	Elektrische fietsen in financiële leasing - Afschrijvingen of waardeverminderingen (-)
252400	Véhicules utilitaires en leasing financier - Valeur d'acquisition	Bedrijfsvoertuigen in financiële leasing - Aanschaffingswaarde
252408	Véhicules utilitaires en leasing financier - Plus-values	Bedrijfsvoertuigen in financiële leasing - Meerwaarden
252409	Véhicules utilitaires en leasing financier - Amortissements ou réductions de valeur (-)	Bedrijfsvoertuigen in financiële leasing - Afschrijvingen of waardeverminderingen (-)
26	Autres immobilisations corporelles	Overige materiële vaste activa
260000	Autres immobilisations corporelles - Valeur d'acquisition	Overige materiële vaste activa - Aanschaffingswaarde
260008	Autres immobilisations corporelles - Plus-values	Overige materiële vaste activa - Meerwaarden
260009	Autres immobilisations corporelles - Amortissements ou réductions de valeur (-)	Overige materiële vaste activa - Afschrijvingen of waardeverminderingen (-)
27	Immobilisations corporelles en cours et acomptes versés	Vaste activa in aanbouw en vooruitbetalingen
270000	Immobilisations corporelles en cours et acomptes versés - Valeur d'acquisition	Vaste activa in aanbouw en vooruitbetalingen - Aanschaffingswaarde
270008	Immobilisations corporelles en cours et acomptes versés - Plus-values	Vaste activa in aanbouw en vooruitbetalingen - Meerwaarden
270009	Immobilisations corporelles en cours et acomptes versés - Amortissements ou réductions de valeur (-)	Vaste activa in aanbouw en vooruitbetalingen - Afschrijvingen of waardeverminderingen (-)
28	Immobilisations financières	Financiële vaste activa
280	Participations dans des entreprises liées	Deelnemingen in verbonden ondernemingen
280000	Participations dans des entreprises liées - Valeur d'acquisition	Deelnemingen in verbonden ondernemingen - Aanschaffingswaarde
280100	Participations dans des entreprises liées - Montants non appelés (-)	Deelnemingen in verbonden ondernemingen - Nog te storten bedragen (-)
280800	Participations dans des entreprises liées - Plus-values	Deelnemingen in verbonden ondernemingen - Meerwaarden
280900	Participations dans des entreprises liées - Réductions de valeur (-)	Deelnemingen in verbonden vennootschappen - Waardeverminderingen (-)
281	Créances sur des entreprises liées	Vorderingen op verbonden ondernemingen
281000	Créances sur des entreprises liées - Créances en compte	Vorderingen op verbonden ondernemingen - Vorderingen op rekening
281100	Créances sur des entreprises liées - Effets à recevoir	Vorderingen op verbonden ondernemingen - Te innen wissels
281200	Créances sur des entreprises liées - Titres à revenu fixe	Vorderingen op verbonden ondernemingen - Vastrentende effecten
281700	Créances sur des entreprises liées - Créances douteuses	Vorderingen op verbonden ondernemingen - Dubieuze debiteuren
281900	Créances sur des entreprises liées - Réductions de valeur (-)	Vorderingen op verbonden ondernemingen - Waardeverminderingen (-)
282	Participations dans des entreprises avec lesquelles il existe un lien de participation	Deelnemingen in ondernemingen waarmee een deelnemingsverhouding bestaat
282000	Participations dans des entreprises avec lesquelles il existe un lien de participation - Valeur d'acquisition	Deelnemingen in ondernemingen waarmee een deelnemingsverhouding bestaat - Aanschaffingswaarde
282100	Participations dans des entreprises avec lesquelles il existe un lien de participation - Montants non appelés (-)	Deelnemingen in ondernemingen waarmee een deelnemingsverhouding bestaat - Nog te storten bedragen (-)
282800	Participations dans des entreprises avec lesquelles il existe un lien de participation - Plus-values	Deelnemingen in ondernemingen waarmee een deelnemingsverhouding bestaat - Meerwaarden
282900	Participations dans des entreprises avec lesquelles il existe un lien de participation - Réductions de valeur (-)	Deelnemingen in ondernemingen waarmee een deelnemingsverhouding bestaat - Waardeverminderingen (-)
283	Créances sur des entreprises avec lesquelles il existe un lien de participation	Vorderingen op ondernemingen waarmee een deelnemingsverhouding bestaat
283000	Créances sur des entreprises avec lesquelles il existe un lien de participation - Créances en compte	Vorderingen op ondernemingen waarmee een deelnemingsverhouding bestaat - Vorderingen op rekening
283100	Créances sur des entreprises avec lesquelles il existe un lien de participation - Effets à recevoir	Vorderingen op ondernemingen waarmee een deelnemingsverhouding bestaat - Te innen wissels
283200	Créances sur des entreprises avec lesquelles il existe un lien de participation - Titres à revenu fixe	Vorderingen op ondernemingen waarmee een deelnemingsverhouding bestaat - Vastrentende effecten
283700	Créances sur des entreprises avec lesquelles il existe un lien de participation - Créances douteuses	Vorderingen op ondernemingen waarmee een deelnemingsverhouding bestaat - Dubieuze debiteuren
283900	Créances sur les entreprises avec lesquelles il existe un lien de participation - Réductions de valeur (-)	Vorderingen op ondernemingen waarmee een deelnemingsverhouding bestaat - Waardeverminderingen (-)
284	Autres actions et parts	Andere aandelen
284000	Autres actions et parts - Valeur d'acquisition	Andere aandelen - Aanschaffingswaarde
284100	Autres actions et parts - Montants non appelés (-)	Andere aandelen - Nog te storten bedragen (-)
284800	Autres actions et parts - Plus-values	Andere aandelen - Meerwaarden
284900	Autres actions et parts - Réductions de valeur (-)	Andere aandelen - Waardeverminderingen (-)
285	Autres créances	Overige vorderingen
285000	Autres créances - Créances en compte	Overige vorderingen - Vorderingen op rekening
285100	Autres créances - Effets à recevoir	Overige vorderingen - Te innen wissels
285200	Autres créances - Titres à revenu fixe	Overige vorderingen - Vastrentende effecten
285700	Autres créances - Créances douteuses	Overige vorderingen - Dubieuze debiteuren
285900	Autres créances - Réductions de valeur (-)	Overige vorderingen - Waardeverminderingen (-)
288	Cautionnements versés en numéraire	Borgtochten betaald in contanten
288000	Cautionnements versés en numéraire	Borgtochten betaald in contanten
29	Créances à plus d'un an	Vorderingen op meer dan één jaar
290	Créances commerciales	Handelsvorderingen
290000	Clients (> 1 an)	Klanten (> 1 jaar)
290100	Créances commerciales - Effets à recevoir (> 1 an)	Handelsvorderingen - Te innen wissels (> 1 jaar)
290600	Créances commerciales - Acomptes versés (> 1 an)	Handelsvorderingen - Vooruitbetalingen (> 1 jaar)
290700	Créances commerciales - Créances douteuses (> 1 an)	Handelsvorderingen - Dubieuze debiteuren (> 1 jaar)
290900	Créances commerciales - Réductions de valeur (> 1 an) (-)	Handelsvorderingen - Waardeverminderingen (> 1 jaar) (-)
291	Autres créances	Overige vorderingen
291000	Créances en compte (> 1 an)	Vorderingen op rekening (> 1 jaar)
291100	Autres créances - Effets à recevoir (> 1 an)	Overige vorderingen - Te innen wissels (> 1 jaar)
291700	Autres créances - Créances douteuses (> 1 an)	Overige vorderingen - Dubieuze debiteuren (> 1 jaar)
291900	Autres créances - Réductions de valeur (> 1 an) (-)	Overige vorderingen - Waardeverminderingen (> 1 jaar) (-)
3	Stocks et commandes en cours d'exécution	Voorraden en bestellingen in uitvoering
30	Matières premières	Grondstoffen
300	Valeur d'acquisition	Aanschaffingswaarde
300000	Matières premières - Valeur d'acquisition	Grondstoffen - Aanschaffingswaarde
309	Réductions de valeur actées (–)	Geboekte waardeverminderingen (-)
309000	Matières premières - Réductions de valeur (-)	Grondstoffen - Waardeverminderingen (-)
31	Approvisionnements et fournitures	Hulpstoffen
310	Valeur d'acquisition	Aanschaffingswaarde
310000	Approvisionnements et fournitures - Valeur d'acquisition	Hulpstoffen - Aanschaffingswaarde
319	Réductions de valeur actées (–)	Geboekte waarde verminderingen (–)
319000	Approvisionnements et fournitures - Réductions de valeur (-)	Hulpstoffen - Waardeverminderingen (-)
32	En-cours de fabrication	Goederen in bewerking
320	Valeur d'acquisition	Aanschaffingswaarde
320000	En-cours de fabrication - Valeur d'acquisition	Goederen in bewerking - Aanschaffingswaarde
329	Réductions de valeur actées (–)	Geboekte waardeverminderingen (–)
329000	En-cours de fabrication - Réductions de valeur (-)	Goederen in bewerking - Waardeverminderingen (-)
33	Produits finis	Gereed product
330	Valeur d'acquisition	Aanschaffingswaarde
330000	Produits finis - Valeur d'acquisition	Gereed product - Aanschaffingswaarde
339	Réductions de valeur actées (–)	Geboekte waardeverminderingen (–)
339000	Produits finis - Réductions de valeur (-)	Gereed product - Waardeverminderingen (-)
34	Marchandises	Handelsgoederen
340	Valeur d'acquisition	Aanschaffingswaarde
340000	Marchandises - Valeur d'acquisition	Handelsgoederen - Aanschaffingswaarde
349	Réductions de valeur actées (–)	Geboekte waardeverminderingen (–)
349000	Marchandises - Réductions de valeur (-)	Handelsgoederen - Waardeverminderingen (-)
35	Immeubles destinés à la vente	Onroerende goederen bestemd voor verkoop
350	Valeur d'acquisition	Aanschaffingswaarde
350000	Immeubles destinés à la vente - Valeur d'acquisition	Onroerende goederen bestemd voor verkoop - Aanschaffingswaarde
359	Réductions de valeur actées (–)	Geboekte waardeverminderingen (–)
359000	Immeubles destinés à la vente - Réductions de valeur (-)	Onroerende goederen bestemd voor verkoop - Waardeverminderingen (-)
36	Acomptes versés sur achats pour stocks	Vooruitbetalingen op voorraadinkopen
360	Acomptes versés	Vooruitbetalingen
360000	Acomptes versés sur achats pour stocks - Acomptes versés	Vooruitbetalingen op voorraadinkopen - Vooruitbetalingen
369	Réductions de valeur actées (–)	Geboekte waardeverminderingen (–)
369000	Acomptes versés sur achats pour stocks - Réductions de valeur (-)	Vooruitbetalingen op voorraadinkopen - Waardeverminderingen (-)
37	Commandes en cours d'exécution	Bestellingen in uitvoering
370	Valeur d'acquisition	Aanschaffingswaarde
370000	Commandes en cours d'exécution - Valeur d'acquisition	Bestellingen in uitvoering - Aanschaffingswaarde
371	Bénéfice pris en compte	Toegerekende winst
371000	Commandes en cours d'exécution - Bénéfice pris en compte	Bestellingen in uitvoering - Toegerekende winst
379	Réductions de valeur actées (–)	Geboekte waardeverminderingen (–)
379000	Commandes en cours d'exécution - Réductions de valeur (-)	Bestellingen in uitvoering - Waardeverminderingen (-)
4	Créances et dettes à un an au plus	Vorderingen en schulden op ten hoogste één jaar
40	Créances commerciales	Handelsvorderingen
400	Clients	Handelsdebiteuren
400000	Clients	Klanten
401	Effets à recevoir	Te innen wissels
401000	Créances commerciales - Effets à recevoir	Handelsvorderingen - Te innen wissels
404	Produits à recevoir	Te innen opbrengsten
404000	Créances commerciales - Produits à recevoir	Handelsvorderingen - Te innen opbrengsten
406	Acomptes versés	Vooruitbetalingen
406000	Créances commerciales - Acomptes versés	Handelsvorderingen - Vooruitbetalingen
407	Créances douteuses	Dubieuze debiteuren
407000	Créances commerciales - Créances douteuses	Handelsvorderingen - Dubieuze debiteuren
409	Réductions de valeur actées (-)	Geboekte waardeverminderingen (–)
409000	Créances commerciales - Réductions de valeur (-)	Handelsvorderingen - Waardeverminderingen (-)
41	Autres créances	Overige vorderingen
410	Capital ou apport appelé, non versé	Opgevraagd, niet gestort kapitaal of inbreng
410000	Capital ou apport appelé, non versé	Opgevraagd, niet gestort kapitaal of inbreng
411	TVA à récupérer	Terug te vorderen btw
411000	TVA à récupérer	Terug te vorderen btw
411200	TVA à récupérer : Compte courant TVA (C/C)	Terug te vorderen btw: Rekening-courant btw (RC)
411800	Compte de provision TVA	Provisierekening btw
412	Impôts et précomptes à récupérer	Terug te vorderen belastingen en voorheffingen
412000	Impôts belges sur le résultat à récupérer	Terug te vorderen Belgische winstbelastingen
412100	Paiement anticipé de l'impôt	Vooruitbetaling van belasting
412500	Autres impôts et taxes belges à récupérer	Terug te vorderen andere Belgische belastingen
412800	Impôts et taxes étrangers à récupérer	Terug te vorderen buitenlandse belastingen
414	Produits à recevoir	Te innen opbrengsten
414000	Produits à recevoir	Te innen opbrengsten
416	Créances diverses	Diverse vorderingen
416000	Créances diverses	Diverse vorderingen
417	Créances douteuses	Dubieuze debiteuren
417000	Créances diverses - Créances douteuses	Overige vorderingen - Dubieuze debiteuren
418	Cautionnements versés en numéraire	Borgtochten betaald in contanten
418000	Créances diverses - Cautionnements versés en numéraire	Overige vorderingen - Borgtochten betaald in contanten
419	Réductions de valeur actées (–)	Geboekte waardeverminderingen (–)
419000	Créances diverses - Réductions de valeur (-)	Overige vorderingen - Waardeverminderingen (-)
42	Dettes à plus d'un an échéant dans l'année (même subdivision que le compte 17)	Schulden op meer dan één jaar die binnen het jaar vervallen (zelfde onderverdeling als 17)
420	Emprunts subordonnés (> 1 an écheant < 1 an)	Achtergestelde leningen (> 1 jaar vervallend < 1 jaar)
420000	Emprunts subordonnés - Convertibles (> 1 an écheant < 1 an)	Achtergestelde leningen - Converteerbaar (> 1 jaar vervallend < 1 jaar)
420100	Emprunts subordonnés - Non convertibles (> 1 an écheant < 1 an)	Achtergestelde leningen - Niet converteerbaar (> 1 jaar vervallend < 1 jaar)
421	Emprunts obligataires non subordonnés (> 1 an écheant < 1 an)	Niet-achtergestelde obligatieleningen (> 1 jaar vervallend < 1 jaar)
421000	Emprunts obligataires non subordonnés - Convertibles (> 1 an écheant < 1 an)	Niet-achtergestelde obligatieleningen - Converteerbaar (> 1 jaar vervallend < 1 jaar)
421100	Emprunts obligataires non subordonnés - Non convertibles (> 1 an écheant < 1 an)	Niet-achtergestelde obligatieleningen - Niet converteerbaar (> 1 jaar vervallend < 1 jaar)
422	Dettes de location-financement et dettes assimilées (> 1 an écheant < 1 an)	Leasingschulden en soortgelijke schulden (> 1 jaar vervallend < 1 jaar)
422000	Dettes de location-financement et dettes assimilées (> 1 an écheant < 1 an)	Leasingschulden en soortgelijke schulden (> 1 jaar vervallend < 1 jaar)
423	Etablissements de crédit (> 1 an écheant < 1 an)	Kredietinstellingen (> 1 jaar vervallend < 1 jaar)
423000	Etablissements de crédit - Dettes en compte (> 1 an écheant < 1 an)	Kredietinstellingen - Schulden op rekening (> 1 jaar vervallend < 1 jaar)
423100	Etablissements de crédit - Promesses (> 1 an écheant < 1 an)	Kredietinstellingen - Promessen (> 1 jaar vervallend < 1 jaar)
423200	Etablissements de crédit - Crédits d'acceptation (> 1 an écheant < 1 an)	Kredietinstellingen - Acceptkredieten (> 1 jaar vervallend < 1 jaar)
424	Autres emprunts (> 1 an écheant < 1 an)	Overige leningen (> 1 jaar vervallend < 1 jaar)
424000	Autres emprunts (> 1 an écheant < 1 an)	Overige leningen (> 1 jaar vervallend < 1 jaar)
425	Dettes commerciales (> 1 an écheant < 1 an)	Handelsschulden (> 1 jaar vervallend < 1 jaar)
425000	Fournisseurs (> 1 an écheant < 1 an)	Leveranciers (> 1 jaar vervallend < 1 jaar)
425100	Effets à payer (> 1 an écheant < 1 an)	Te betalen wissels (> 1 jaar vervallend < 1 jaar)
426	Acomptes sur commandes (> 1 an écheant < 1 an)	Vooruitbetalingen op bestellingen (> 1 jaar vervallend < 1 jaar)
426000	Acomptes sur commandes (> 1 an écheant < 1 an)	Vooruitbetalingen op bestellingen (> 1 jaar vervallend < 1 jaar)
428	Cautionnements reçus en numéraire (> 1 an écheant < 1 an)	Borgtochten ontvangen in contanten (> 1 jaar vervallend < 1 jaar)
428000	Cautionnements reçus en numéraire (> 1 an écheant < 1 an)	Borgtochten ontvangen in contanten (> 1 jaar vervallend < 1 jaar)
429	Autres dettes (> 1 an écheant < 1 an)	Overige schulden (> 1 jaar vervallend < 1 jaar)
429000	Dettes diverses (> 1 an écheant < 1 an)	Overige schulden (> 1 jaar vervallend < 1 jaar)
43	Dettes financières	Financiële schulden
430	Établissements de crédit - Emprunts en compte à terme fixe	Kredietinstellingen - Leningen op rekening met vaste termijn
430000	Etablissements de crédit - Emprunts en compte à terme fixe	Kredietinstellingen - Leningen op rekening met vaste termijn
431	Établissements de crédit - Promesses	Kredietinstellingen - Promessen
431000	Etablissements de crédit - Promesses	Kredietinstellingen - Promessen
432	Établissements de crédit - Crédits d'acceptation	Kredietinstellingen - Acceptkredieten
432000	Etablissements de crédit - Crédits d'acceptation	Kredietinstellingen - Acceptkredieten
433	Établissements de crédit - Dettes en compte courant	Kredietinstellingen - Schulden in rekening-courant
433000	Etablissements de crédit - Dettes en compte courant	Kredietinstellingen - Schulden in rekening-courant
439	Autres emprunts	Overige leningen
439000	Autres emprunts	Overige leningen
44	Dettes commerciales	Handelsschulden
440	Fournisseurs	Leveranciers
440000	Fournisseurs	Leveranciers
441	Effets à payer	Te betalen wissels
441000	Effets à payer	Te betalen wissels
444	Factures à recevoir	Te ontvangen facturen
444000	Factures à recevoir	Te ontvangen facturen
45	Dettes fiscales, salariales et sociales	Schulden met betrekking tot belastingen, bezoldigingen en sociale lasten
450	Dettes fiscales estimées	Geraamd bedrag der belastingschulden
450000	Dettes fiscales estimées - Impôts belges sur le résultat	Geraamd bedrag der belastingschulden - Belgische winstbelastingen
450500	Dettes fiscales estimées - Autres impôts et taxes belges	Geraamd bedrag der belastingschulden - Andere Belgische belastingen en taksen
450800	Dettes fiscales estimées - Impôts et taxes étrangers	Geraamd bedrag der belastingschulden - Buitenlandse belastingen en taksen
451	TVA à payer	Te betalen btw
451000	TVA à payer	Te betalen btw
451054	TVA à payer (Grille 54)	Te betalen btw (Rooster 54)
451055	TVA à payer sur opérations intracommunautaires (Grille 55)	Te betalen btw op intracommunautaire verrichtingen (Rooster 55)
451056	TVA à payer sur opérations co-contractant (Grille 56)	Te betalen btw op verrichtingen medecontractant (Rooster 56)
451057	TVA à payer : Report de paiement sur importations (Grille 57)	Te betalen btw: Uitgestelde betaling op invoer (Rooster 57)
451063	TVA à payer sur notes de crédit (Grille 63)	Te betalen btw op creditnota's (Rooster 63)
451200	TVA à payer : Compte courant TVA (C/C)	Te betalen btw: Rekening-courant btw (RC)
451800	TVA à payer - Taxation insuffisante	Te betalen btw - Ontoereikende heffing
451820	TVA à payer - Révisions des déductions	Te betalen btw - Herzieningen aftrek
451830	TVA à payer - Régularisations	Te betalen btw - Regularisaties
452	Impôts et taxes à payer	Te betalen belastingen en taksen
452000	Impôts belges à payer sur le résultat	Te betalen Belgische winstbelastingen
452100	Paiement anticipé de l'impôt	Vooruitbetaling van belasting
452500	Autres impôts et taxes belges à payer	Andere te betalen Belgische belastingen en taksen
452800	Impôts et taxes étrangers à payer	Te betalen buitenlandse belastingen en taksen
453	Précomptes retenus	Ingehouden voorheffingen
453000	Précomptes retenus	Ingehouden voorheffingen
454	Office national de la Sécurité sociale	Rijksdienst voor Sociale Zekerheid
454000	Office National de Sécurité Sociale (ONSS)	Rijksdienst voor Sociale Zekerheid (RSZ)
455	Rémunérations	Bezoldigingen
455000	Rémunérations	Bezoldigingen
456	Pécules de vacances	Vakantiegeld
456000	Pécules de vacances	Vakantiegeld
459	Autres dettes sociales	Andere sociale schulden
459000	Autres dettes sociales	Andere sociale schulden
46	Acomptes sur commandes	Vooruitbetalingen op bestellingen
460	Acomptes sur commandes	Vooruitbetalingen op bestellingen
460000	Acomptes sur commandes	Vooruitbetalingen op bestellingen
47	Dettes découlant de l'affectation du résultat	Schulden uit de bestemming van het resultaat
470	Dividendes et tantièmes d'exercices antérieurs	Dividenden en tantièmes over vorige boekjaren
470000	Dividendes et tantièmes d'exercices antérieurs	Dividenden en tantièmes over vorige boekjaren
471	Dividendes de l’exercice	Dividenden over het boekjaar
471000	Dividendes de l'exercice	Dividenden over het boekjaar
472	Tantièmes de l'exercice	Tantièmes over het boekjaar
472000	Tantièmes de l'exercice	Tantièmes over het boekjaar
473	Autres allocataires	Andere rechthebbenden
473000	Autres allocataires	Andere rechthebbenden
48	Dettes diverses	Diverse schulden
480	Obligations et coupons échus	Vervallen obligaties en coupons
480000	Obligations et coupons échus	Vervallen obligaties en coupons
488	Cautionnements reçus en numéraire	Borgtochten ontvangen in contanten
488000	Cautionnements reçus en numéraire	Borgtochten ontvangen in contanten
489	Autres dettes diverses	Andere diverse schulden
489000	Autres dettes diverses	Andere diverse schulden
49	Comptes de régularisation et d'attente	Overlopende rekeningen
490	Charges à reporter	Over te dragen kosten
490000	Charges à reporter	Over te dragen kosten
491	Produits acquis	Verkregen opbrengsten
491000	Produits acquis	Verkregen opbrengsten
492	Charges à imputer	Toe te rekenen kosten
492000	Charges à imputer	Toe te rekenen kosten
493	Produits à reporter	Over te dragen opbrengsten
493000	Produits à reporter	Over te dragen opbrengsten
499	Comptes d'attente	Wachtrekeningen
499000	Comptes d'attente	Wachtrekeningen
5	Placements de trésorerie et valeurs disponibles	Geldbeleggingen en liquide middelen
50	Actions propres	Eigen aandelen
500000	Actions propres	Eigen aandelen
51	Actions, parts et placements de trésorerie autres que placements à revenu fixe	Aandelen en geldbeleggingen andere dan vastrentende beleggingen
510	Valeur d'acquisition	Aanschaffingswaarde
510000	Actions et parts - Valeur d'acquisition	Aandelen - Aanschaffingswaarde
510100	Placements de trésorerie autres que placements à revenu fixe - Valeur d'acquisition	Geldbeleggingen andere dan vastrentende beleggingen - Aanschaffingswaarde
511	Montants non appelés (-)	Niet-opgevraagde bedragen (-)
511000	Actions et parts - Montants non appelés (-)	Aandelen - Niet-opgevraagde bedragen (-)
519	Réductions de valeur actées (-)	Geboekte waardeverminderingen (-)
519000	Actions et parts - Réductions de valeur actées (-)	Aandelen - Geboekte waardeverminderingen (-)
519100	Placements de trésorerie autres que placements à revenu fixe - Réductions de valeur actées (-)	Geldbeleggingen andere dan vastrentende beleggingen - Geboekte waardeverminderingen (-)
52	Titres à revenu fixe	Vastrentende effecten
520	Valeur d'acquisition	Aanschaffingswaarde
520000	Titres à revenu fixe - Valeur d'acquisition	Vastrentende effecten - Aanschaffingswaarde
529	Réductions de valeur actées (–)	Geboekte waardeverminderingen (–)
529000	Titres à revenu fixe - Réductions de valeur (-)	Vastrentende effecten - Waardeverminderingen (-)
53	Dépôts à terme	Termijndeposito's
530	De plus d'un an	Op meer dan een jaar
530000	Dépôts à terme de plus d'un an	Termijndeposito's op meer dan één jaar
531	De plus d'un mois et à un an au plus	Op meer dan een maand en op ten hoogste een jaar
531000	Dépôts à terme de plus d'un mois et à un an au plus	Termijndeposito's op meer dan één maand en hoogstens één jaar
532	D'un mois au plus	Op ten hoogste een maand
532000	Dépôts à terme d'un mois au plus	Termijndeposito's op hoogstens één maand
539	Réductions de valeur actées (–)	Geboekte waardeverminderingen (–)
539000	Dépôts à terme - Réductions de valeur (-)	Termijndeposito's - Waardeverminderingen (-)
54	Valeurs échues à l'encaissement	Te incasseren vervallen waarden
540000	Valeurs échues à l'encaissement	Te incasseren vervallen waarden
55	Établissements de crédit	Kredietinstellingen
550	Etablissements de crédit	Kredietinstellingen
550000	Etablissements de crédit	Kredietinstellingen
57	Caisses	Kassen
570	Caisses - Espèces	Kassen - Contanten
570000	Caisses - Espèces	Kassen - Contanten
578	Caisses-timbres	Kassen-zegels
578000	Caisses - Timbres	Kassen - Zegels
58	Virements internes	Interne overboekingen
580000	Virements internes	Interne overboekingen
6	Charges	Kosten
60	Approvisionnements et marchandises	Handelsgoederen, grond- en hulpstoffen
600	Achats de matières premières	Aankopen van grondstoffen
600000	Matières premières	Grondstoffen
601	Achats de fournitures	Aankopen van hulpstoffen
601000	Fournitures	Hulpstoffen
602	Achats de services, travaux et études	Aankopen van diensten, werk en studies
602000	Services, travaux et études	Diensten, werk en studies
603	Sous-traitances générales	Algemene onderaannemingen
603000	Sous-traitances générales	Algemene onderaannemingen
604	Achats de marchandises	Aankopen van handelsgoederen
604000	Marchandises	Handelsgoederen
605	Achats d'immeubles destinés à la vente	Aankopen van onroerende goederen bestemd voor verkoop
605000	Achats d'immeubles destinés à la vente	Aankopen van onroerende goederen bestemd voor verkoop
608	Remises, ristournes et rabais (–)	Ontvangen kortingen, ristorno's en rabatten (–)
608000	Remises, ristournes et rabais (-)	Ontvangen kortingen, ristorno's en rabatten (-)
609	Variations des stocks	Voorraadwijzigingen
609000	Variations des stocks de matières premières	Voorraadwijzigingen van grondstoffen
609100	Variations des stocks de fournitures	Voorraadwijzigingen van hulpstoffen
609400	Variations des stocks de marchandises	Voorraadwijzigingen van handelsgoederen
609500	Variations des stocks d'immeubles achetés destinés à la vente	Voorraadwijzigingen van gekochte onroerende goederen bestemd voor verkoop
61	Services et biens divers	Diensten en diverse goederen
610000	Loyers	Huur
610100	Location de machines, d'équipements et de matériel	Huurkosten machines, materieel en uitrusting
610200	Location de voitures	Huurkosten auto's
610201	Location de motos	Huurkosten motorfietsen
610202	Location de vélos	Huurkosten fietsen
610203	Location de vélos électriques	Huurkosten elektrische fietsen
610210	Leasing financier de voitures	Financiële leasing van auto's
610211	Leasing financier de motos	Financiële leasing van motorfietsen
610212	Leasing financier de vélos	Financiële leasing van fietsen
610213	Leasing financier de vélos électriques	Financiële leasing van elektrische fietsen
610220	Leasing opérationnel de voitures	Operationele leasing van auto's
610221	Leasing opérationnel de motos	Operationele leasing van motorfietsen
610222	Leasing opérationnel de vélos	Operationele leasing van fietsen
610223	Leasing opérationnel de vélos électriques	Operationele leasing van elektrische fietsen
610300	Location de véhicules utilitaires	Huurkosten bedrijfsvoertuigen
610310	Leasing financier de véhicules utilitaires	Financiële leasing van bedrijfsvoertuigen
610320	Leasing opérationnel de véhicules utilitaires	Operationele leasing van bedrijfsvoertuigen
611	Charges d’entretien et de réparation	Onderhoudskosten en herstellingen
611000	Charges d’entretien et de réparation	Onderhoudskosten en herstellingen
611201	Entretien des voitures	Onderhoud van auto's
611202	Entretien des motos	Onderhoud van motorfietsen
611203	Entretien des vélos	Onderhoud van fietsen
611204	Entretien des vélos électriques	Onderhoud van elektrische fietsen
611300	Entretien des véhicules utilitaires	Onderhoud van bedrijfsvoertuigen
612000	Fournitures de bureau et impressions	Kantoorbenodigdheden en drukwerk
612200	Petit matériel	Klein materiaal
612500	Eau, électricité et gaz	Water, elektriciteit en gas
612901	Carburant pour voitures	Brandstof voor auto's
612902	Carburant pour motos	Brandstof voor motorfietsen
612903	Carburant pour véhicules utilitaires	Brandstof voor bedrijfsvoertuigen
612910	Électricité pour voitures	Elektriciteit voor auto's
612911	Électricité pour motos	Elektriciteit voor motorfietsen
612912	Électricité pour véhicules utilitaires	Elektriciteit voor bedrijfsvoertuigen
613200	Experts-comptables ou conseillers fiscaux	Accountants of belastingadviseurs
613250	Frais juridiques	Juridische kosten
613290	Autres honoraires	Andere erelonen
613310	Logiciels et services informatiques	Software en IT-diensten
613311	Logiciels de facturation électronique	Software voor e-facturatie
614000	Assurance incendie	Brandverzekering
614200	Assurance revenu garanti	Verzekering voor gewaarborgd inkomen
614400	Assurance voitures	Verzekering auto's
614410	Assurance motos	Verzekering motorfietsen
614420	Assurance vélos électriques	Verzekering elektrische fietsen
614430	Assurance vélos	Verzekering fietsen
614500	Assurance véhicules utilitaires	Verzekering bedrijfsvoertuigen
614600	Autres assurances professionnelles	Andere beroepsverzekeringen
616200	Internet et téléphone	Internet en telefoon
616500	Vols	Vluchten
616501	Hôtels	Hotels
616502	Indemnités journalières et rémunération	Dagvergoedingen
616503	Transports en commun	Openbaar vervoer
616505	Autres frais de déplacement	Overige verplaatsingskosten
616506	Parking pour voitures	Parking voor auto's
616507	Parking pour motos	Parking voor motorfietsen
616508	Parking pour véhicules utilitaires	Parking voor bedrijfsvoertuigen
616510	Taxi	Taxi
616520	Publicité et annonces	Publiciteit en reclame
616530	Salons et conférences	Beurzen en conferenties
616540	Cadeaux d'affaires (<= 50 €)	Relatiegeschenken (<= € 50)
616541	Cadeaux d'affaires (> 50 €)	Relatiegeschenken (> € 50)
616550	Cotisations professionnelles	Beroepsbijdragen en lidgelden
616580	Restaurants et bars	Restaurants en bars
617	Personnel intérimaire et personnes mises à la disposition de l'entreprise	Uitzendkrachten en personen ter beschikking gesteld van de onderneming
617000	Personnel intérimaire et personnes mises à la disposition de l'entreprise	Uitzendkrachten en personen ter beschikking gesteld van de onderneming
618	Rémunérations, primes pour assurances extralégales, pensions de retraite et de survie des administrateurs, gérants et associés actifs qui ne sont pas attribuées en vertu d'un contrat de travail	Bezoldigingen, premies voor buitenwettelijke verzekeringen, ouderdoms- en overlevingspensioenen van bestuurders, zaakvoerders en werkende vennoten, die niet worden toegekend uit hoofde van een arbeidsovereenkomst
618000	Rémunérations, primes pour assurances extralégales, pensions de retraite et de survie des administrateurs, gérants et associés actifs qui ne sont pas attribuées en vertu d'un contrat de travail	Bezoldigingen, premies voor buitenwettelijke verzekeringen, ouderdoms- en overlevingspensioenen van bestuurders, zaakvoerders en werkende vennoten, die niet worden toegekend uit hoofde van een arbeidsovereenkomst
62	Rémunérations, charges sociales et pensions	Bezoldigingen, sociale lasten en pensioenen
620	Rémunérations et avantages sociaux directs	Bezoldigingen en rechtstreekse sociale voordelen
620000	Rémunérations des administrateurs ou gérants	Bezoldigingen bestuurders of zaakvoerder
620100	Rémunérations du personnel de direction	Bezoldigingen directiepersoneel
620200	Rémunérations des employés	Bezoldigingen bedienden
620300	Rémunérations des ouvriers	Bezoldigingen arbeiders
620400	Rémunérations des autres membres du personnel	Bezoldigingen andere personeelsleden
621	Cotisations patronales pour assurances sociales	Werkgeversbijdragen voor sociale verzekeringen
621000	Cotisations patronales ONSS	Werkgeversbijdragen RSZ
622	Primes patronales pour assurances extra-légales	Werkgeverspremies voor bovenwettelijke verzekeringen
622000	Primes patronales pour assurances extra-légales	Werkgeverspremies voor bovenwettelijke verzekeringen
623	Autres frais du personnel	Andere personeelskosten
623000	Autres frais de personnel	Overige personeelskosten
623401	Nourriture et boissons pour le personnel	Eten en drinken voor personeel
623600	Frais de formation	Opleidingskosten
623610	Frais de formation (nourriture et boissons incluses)	Opleidingskosten (incl. eten en drinken)
623700	Chèques-repas	Maaltijdcheques
624	Pensions de retraite et de survie	Ouderdoms- en overlevingspensioenen
624000	Pensions des administrateurs ou gérants	Pensioenen voor bestuurders of zaakvoerders
624100	Pensions du personnel	Pensioenen voor personeel
63	Amortissements, réductions de valeur et provisions pour risques	Afschrijvingen, waardeverminderingen en voorzieningen voor risico's
630	Dotations aux amortissements et aux réductions de valeur sur immobilisations	Afschrijvingen en waardeverminderingen op vaste activa-toevoeging
630000	Dotations aux amortissements sur frais d'établissement	Afschrijvingen op oprichtingskosten
630100	Dotations aux amortissements sur immobilisations incorporelles	Afschrijvingen op immateriële vaste activa
630200	Dotations aux amortissements sur immobilisations corporelles	Afschrijvingen op materiële vaste activa
630800	Dotations aux réductions de valeur sur immobilisations incorporelles	Waardeverminderingen op immateriële vaste activa
630900	Dotations aux réductions de valeur sur immobilisations corporelles	Waardeverminderingen op materiële vaste activa
631	Réductions de valeur sur stocks	Waardeverminderingen op voorraden
631000	Réductions de valeur sur stocks - Dotations	Waardeverminderingen op voorraden - Toevoegingen
631100	Réductions de valeur sur stocks - Reprises (-)	Waardeverminderingen op voorraden - Terugnemingen (-)
632	Réductions de valeur sur commandes en cours d'exécution	Waardeverminderingen op bestellingen in uitvoering
632000	Réductions de valeur sur commandes en cours d'exécution - Dotations	Waardeverminderingen op bestellingen in uitvoering - Toevoegingen
632100	Réductions de valeur sur commandes en cours d'exécution - Reprises (-)	Waardeverminderingen op bestellingen in uitvoering - Terugnemingen (-)
633	Réductions de valeur sur créances commerciales à plus d'un an	Waardeverminderingen op handelsvorderingen op meer dan een jaar
633000	Réductions de valeur sur créances commerciales (> 1 an) - Dotations	Waardeverminderingen op handelsvorderingen (> 1 jaar) - Toevoegingen
633100	Réductions de valeur sur créances commerciales (> 1 an) - Reprises (-)	Waardeverminderingen op handelsvorderingen (> 1 jaar) - Terugnemingen (-)
634	Réductions de valeur sur créances à un an au plus	Waardeverminderingen op handelsvorderingen op ten hoogste één jaar
634000	Réductions de valeur sur créances commerciales - Dotations	Waardeverminderingen op handelsvorderingen - Toevoegingen
634100	Réductions de valeur sur créances commerciales - Reprises (-)	Waardeverminderingen op handelsvorderingen - Terugnemingen (-)
635	Provisions pour pensions et obligations similaires	Voorzieningen voor pensioenen en soortgelijke verplichtingen
635000	Provisions pour pensions et obligations similaires - Dotations	Voorzieningen voor pensioenen en soortgelijke verplichtingen - Toevoegingen
635100	Provisions pour pensions et obligations similaires - Utilisations et reprises (-)	Voorzieningen voor pensioenen en soortgelijke verplichtingen - Bestedingen en terugnemingen (-)
636	Provisions pour grosses réparations et gros entretiens	Voorzieningen voor grote herstellingswerken en grote onderhoudswerken
636000	Provisions pour grosses réparations et gros entretien - Dotations	Voorzieningen voor grote herstellings- en onderhoudswerken - Toevoegingen
636100	Provisions pour grosses réparations et gros entretien - Utilisations et reprises (-)	Voorzieningen voor grote herstellings- en onderhoudswerken - Bestedingen en terugnemingen (-)
637	Provisions pour obligations environnementales	Voorzieningen voor milieuverplichtingen
637000	Provisions pour obligations environnementales - Dotations	Voorzieningen voor milieuverplichtingen - Toevoegingen
637100	Provisions pour obligations environnementales - Utilisations et reprises (-)	Voorzieningen voor milieuverplichtingen - Bestedingen en terugnemingen (-)
638	Provisions pour autres risques et charges	Voorzieningen voor andere risico's en kosten
638000	Provisions pour autres risques et charges - Dotations	Voorzieningen voor andere risico's en kosten - Toevoegingen
638100	Provisions pour autres risques et charges - Utilisations et reprises (-)	Voorzieningen voor andere risico's en kosten - Bestedingen en terugnemingen (-)
64	Autres charges d'exploitation	Andere bedrijfskosten
640	Charges fiscales d’exploitation	Bedrijfsbelastingen
640000	Charges fiscales d'exploitation	Bedrijfsbelastingen
640200	Taxes sur les voitures	Belastingen op auto's
640201	Taxes sur les motos	Belastingen op motorfietsen
640202	Taxes sur les véhicules utilitaires	Belastingen op bedrijfsvoertuigen
640400	Taxes régionales	Gewestbelastingen
640500	Droits d’enregistrement et publications légales	Registratierechten en wettelijke publicaties
640600	Taxes provinciales et communales	Provinciale en gemeentelijke belastingen
640800	Droits de douane et accises	Douanerechten en accijnzen
641	Moins-values sur réalisations courantes d'immobilisations corporelles	Minderwaarden op de courante realisatie van vaste activa
641000	Moins-values sur réalisations courantes d'immobilisations corporelles	Minderwaarden bij de courante realisatie van materiële vaste activa
642	Moins-values sur réalisations de créances commerciales	Minderwaarden op de realisatie van handelsvorderingen
642000	Moins-values sur réalisations de créances commerciales	Minderwaarden op de realisatie van handelsvorderingen
643	Charges d'exploitation diverses	Diverse bedrijfskosten
643000	Charges d'exploitation diverses	Diverse bedrijfskosten
645000	Amendes	Boetes
649	Charges d'exploitation portées à l'actif au titre de frais de restructuration (–)	Als herstructureringskosten geactiveerde bedrijfskosten (–)
649000	Charges d'exploitation portées à l'actif au titre de frais de restructuration (-)	Als herstructureringskosten geactiveerde bedrijfskosten (-)
65	Charges financières	Financiële kosten
650	Charges des dettes	Kosten van schulden
650000	Intérêts, commissions et frais afférents aux dettes	Rente, commissies en kosten verbonden aan schulden
650100	Amortissement des frais d'émission d'emprunts	Afschrijving van kosten bij uitgifte van leningen
650200	Intérêts intercalaires portés à l'actif (-)	Geactiveerde intercalaire interesten (-)
651	Réductions de valeur sur actifs circulants	Waardeverminderingen op vlottende activa
651000	Réductions de valeur sur actifs circulants - Dotations	Waardeverminderingen op vlottende activa - Toevoegingen
651100	Réductions de valeur sur actifs circulants - Reprises (-)	Waardeverminderingen op vlottende activa - Terugnemingen (-)
652	Moins-values sur réalisation d'actifs circulants	Minderwaarden op de realisatie van vlottende activa
652000	Moins-values sur réalisation d'actifs circulants	Minderwaarden bij de realisatie van vlottende activa
653	Charges d'escompte de créances	Discontokosten op vorderingen
653000	Charges d'escompte de créances	Discontokosten op vorderingen
654	Différences de change	Wisselresultaten
654000	Différences de change	Wisselresultaten
655	Écarts de conversion des devises	Resultaten uit de omrekening van vreemde valuta
655000	Écarts de conversion des devises	Resultaten uit de omrekening van vreemde valuta
656	Provisions à caractère financier	Voorzieningen met financieel karakter
656000	Provisions à caractère financier - Dotations	Voorzieningen met financieel karakter - Toevoegingen
656100	Provisions à caractère financier - Utilisations et reprises (-)	Voorzieningen met financieel karakter - Bestedingen en terugnemingen (-)
657000	Escomptes financiers accordés	Toegekende financiële kortingen
657100	Différences de paiement négatives	Negatieve betalingsverschillen
657200	Frais bancaires	Bankkosten
659	Charges financières portées à l'actif au titre de frais de restructuration (-)	Als herstructureringskosten geactiveerde financiële kosten (-)
659000	Charges financières portées à l'actif au titre de frais de restructuration (-)	Als herstructureringskosten geactiveerde financiële kosten (-)
66	Charges d’exploitation et charges financières non récurrentes	Niet-recurrente bedrijfs- of financiële kosten
660	Amortissements et réductions de valeur non récurrents (dotations)	Niet-recurrente afschrijvingen en waardeverminderingen (toevoeging)
660000	Amortissements et réductions de valeur non récurrents (dotations) sur frais d'établissement	Niet-recurrente afschrijvingen en waardeverminderingen (toevoeging) op oprichtingskosten
660100	Amortissements et réductions de valeur non récurrents (dotations) sur immobilisations incorporelles	Niet-recurrente afschrijvingen en waardeverminderingen (toevoeging) op immateriële vaste activa
660200	Amortissements et réductions de valeur non récurrents (dotations) sur immobilisations corporelles	Niet-recurrente afschrijvingen en waardeverminderingen (toevoeging) op materiële vaste activa
661	Réduction de valeur sur immobilisations financières (dotation)	Waardeverminderingen op financiële vaste activa (toevoeging)
661000	Réductions de valeur sur immobilisations financières (dotation)	Waardeverminderingen op financiële vaste activa (toevoeging)
662	Provisions pour risques et charges non récurrents	Voorzieningen voor niet-recurrente risico's en kosten
662000	Provisions pour risques et charges d'exploitation non récurrents - Dotations	Voorzieningen voor niet-recurrente bedrijfsrisico's en -kosten - Toevoegingen
662010	Provisions pour risques et charges d'exploitation non récurrents - Utilisations (-)	Voorzieningen voor niet-recurrente bedrijfsrisico's en -kosten - Bestedingen (-)
662100	Provisions pour risques et charges financiers non récurrents - Dotations	Voorzieningen voor niet-recurrente financiële risico's en kosten - Toevoegingen
662110	Provisions pour risques et charges financiers non récurrents - Utilisations (-)	Voorzieningen voor niet-recurrente financiële risico's en kosten - Bestedingen (-)
663	Moins-values sur réalisation d'actifs immobilisés	Minderwaarden op de realisatie van vaste activa
663000	Moins-values sur réalisation d'immobilisations incorporelles et corporelles	Minderwaarden op de realisatie van immateriële en materiële vaste activa
663100	Moins-values sur réalisation d'immobilisations financières	Minderwaarden op de realisatie van financiële vaste activa
664	Autres charges d'exploitation non récurrentes	Andere niet-recurrente bedrijfskosten
664000	Autres charges d'exploitation non récurrentes	Andere niet-recurrente bedrijfskosten
668	Autres charges financières non récurrentes	Andere niet-recurrente financiële kosten
668000	Autres charges financières non récurrentes	Andere niet-recurrente financiële kosten
669	Charges non récurrentes portées à l'actif au titre de frais de restructuration (-)	Als herstructureringskosten geactiveerde niet-recurrente kosten (-)
669000	Charges d'exploitation non récurrentes portées à l'actif au titre de frais de restructuration (-)	Als herstructureringskosten geactiveerde niet-recurrente bedrijfskosten (-)
669100	Charges financières non récurrentes portées à l'actif au titre de frais de restructuration (-)	Als herstructureringskosten geactiveerde niet-recurrente financiële kosten (-)
67	Impôts sur le résultat	Belastingen op het resultaat
670	Impôts belges sur le résultat de l’exercice	Belgische belastingen op het resultaat van het boekjaar
670000	Impôts et précomptes dus ou versés sur le résultat de l'exercice	Verschuldigde of gestorte belastingen en voorheffingen op het resultaat van het boekjaar
670100	Excédent de versements d'impôts et de précomptes porté à l'actif sur le résultat de l'exercice (-)	Geactiveerde overschotten van betaalde belastingen en voorheffingen op het resultaat van het boekjaar (-)
670200	Charges fiscales estimées sur le résultat de l'exercice	Geraamde belastingen op het resultaat van het boekjaar
671	Impôts belges sur le résultat d'exercices antérieurs	Belgische belastingen op het resultaat van vorige boekjaren
671000	Suppléments d'impôts dus ou versés sur le résultat d'exercices antérieurs	Verschuldigde of gestorte belastingsupplementen op het resultaat van vorige boekjaren
671100	Suppléments d'impôts estimés sur le résultat d'exercices antérieurs	Geraamde belastingsupplementen op het resultaat van vorige boekjaren
671200	Provisions fiscales constituées sur le résultat d'exercices antérieurs	Gevormde fiscale voorzieningen op het resultaat van vorige boekjaren
672	Impôts étrangers sur le résultat de l’exercice	Buitenlandse belastingen op het resultaat van het boekjaar
672000	Impôts étrangers sur le résultat de l'exercice	Buitenlandse belastingen op het resultaat van het boekjaar
673	Impôts étrangers sur le résultat d'exercices antérieurs	Buitenlandse belastingen op het resultaat van vorige boekjaren
673000	Impôts étrangers sur le résultat d'exercices antérieurs	Buitenlandse belastingen op het resultaat van vorige boekjaren
68	Transferts aux impôts différés et aux réserves immunisées	Overboeking naar de uitgestelde belastingen en naar de belastingvrije reserves
680	Transferts aux impôts différés	Overboeking naar de uitgestelde belastingen
680000	Transfert aux impôts différés	Overboeking naar de uitgestelde belastingen
689	Transferts aux réserves immunisées	Overboeking naar de belastingvrije reserves
689000	Transfert aux réserves immunisées	Overboeking naar de belastingvrije reserves
69	Affectations et prélèvements	Resultatenverwerking
690	Perte reportée de l'exercice précédent	Overgedragen verlies van het vorige boekjaar
690000	Perte reportée de l'exercice précédent	Overgedragen verlies van het vorige boekjaar
691	Affectations à l'apport	Toevoeging aan de inbreng
691000	Affectations à l'apport	Toevoeging aan de inbreng
692	Dotation aux réserves	Toevoeging aan de reserves
692000	Dotation à la réserve légale	Toevoeging aan de wettelijke reserve
692100	Dotation aux autres réserves	Toevoeging aan de overige reserves
693	Bénéfices à reporter	Over te dragen winst
693000	Bénéfices à reporter	Over te dragen winst
694	Rémunération de l'apport	Vergoeding van de inbreng
694000	Rémunération de l'apport	Vergoeding van de inbreng
695	Administrateurs ou gérants	Bestuurders of zaakvoerders
695000	Distribution aux administrateurs ou gérants	Uitkering aan bestuurders of zaakvoerders
696	Employés	Werknemers
696000	Distribution aux employés	Uitkering aan werknemers
697	Autres applications	Andere rechthebbenden
697000	Distribution aux autres allocataires	Uitkering aan andere rechthebbenden
7	Produits	Opbrengsten
70	Chiffre d'affaires	Omzet
700000	Ventes de marchandises en Belgique	Verkoop van goederen in België
700100	Services en Belgique	Diensten in België
700500	Ventes co-contractant	Verkopen medecontractant
700600	Ventes livraisons intracommunautaires	Intracommunautaire leveringen
700610	Ventes services intracommunautaires	Intracommunautaire diensten
700700	Ventes hors EU	Verkopen buiten de EU
708	Remises, ristournes et rabais accordés (–)	Toegekende kortingen, ristorno's en rabatten (–)
708000	Remises, ristournes et rabais accordés (-)	Toegekende kortingen, ristorno's en rabatten (-)
709000	Arrondissement des paiements en Euros	Afronding van betalingen in euro
71	Variation des stocks et des commandes en cours d’exécution	Wijzigingen in de voorraden en in de bestellingen in uitvoering
712	des en-cours de fabrication	in de voorraad goederen in bewerking
712000	Variations des stocks d'en-cours de fabrication	Wijzigingen in de voorraad goederen in bewerking
713	des produits finis	in de voorraad gereed product
713000	Variations des stocks de produits finis	Wijzigingen in de voorraad gereed product
715	des immeubles construits destinés à la vente	in de voorraad onroerende goederen bestemd voor verkoop
715000	Variations des stocks des immeubles construits destinés à la vente	Wijzigingen in de voorraad onroerende goederen bestemd voor verkoop
717	des commandes en cours d'exécution	in de bestellingen in uitvoering
717000	Variations des commandes en cours d'exécution - Valeur d'acquisition	Wijzigingen in de bestellingen in uitvoering - Aanschaffingswaarde
717100	Variations des commandes en cours d'exécution - Bénéfice pris en compte	Wijzigingen in de bestellingen in uitvoering - Toegerekende winst
72	Production immobilisée	Geproduceerde vaste activa
720000	Production immobilisée	Geproduceerde vaste activa
74	Autres produits d'exploitation	Andere bedrijfsopbrengsten
740	Subsides d'exploitation et montants compensatoires	Bedrijfssubsidies en compenserende bedragen
740000	Subsides d'exploitation et montants compensatoires	Bedrijfssubsidies en compenserende bedragen
741	Plus-values sur réalisations courantes d'immobilisations corporelles	Meerwaarden op de courante realisatie van materiële vaste activa
741000	Plus-values sur réalisations courantes d'immobilisations corporelles	Meerwaarden op de courante realisatie van materiële vaste activa
742	Plus-values sur réalisations de créances commerciales	Meerwaarden op de realisatie van handelsvorderingen
742000	Plus-values sur réalisation de créances commerciales	Meerwaarden op de realisatie van handelsvorderingen
743	Produits d'exploitation divers	Diverse bedrijfsopbrengsten
743000	Produits d'exploitation divers	Diverse bedrijfsopbrengsten
75	Produits financiers	Financiële opbrengsten
750	Produits des immobilisations financières	Opbrengsten uit financiële vaste activa
750000	Produits des immobilisations financières	Opbrengsten uit financiële vaste activa
751	Produits des actifs circulants	Opbrengsten uit vlottende activa
751000	Produits des actifs circulants	Opbrengsten uit vlottende activa
752	Plus-values sur réalisation d'actifs circulants	Meerwaarden op de [...] realisatie van vlottende activa
752000	Plus-values sur réalisation d'actifs circulants	Meerwaarden op de realisatie van vlottende activa
753	Subsides en capital et en intérêts	Kapitaal- en interestsubsidies
753000	Subsides en capital et en intérêts	Kapitaal- en interestsubsidies
754	Différences de change	Wisselresultaten
754000	Différences de change	Wisselresultaten
755	Écarts de conversion des devises	Resultaten uit de omrekening van vreemde valuta
755000	Écarts de conversion des devises	Resultaten uit de omrekening van vreemde valuta
756	Produits financiers divers	Diverse financiële opbrengsten
756000	Produits financiers divers	Diverse financiële opbrengsten
757000	Escomptes financiers obtenus	Verkregen financiële kortingen
757100	Différences de paiement positives	Positieve betalingsverschillen
76	Produits d'exploitation ou financiers non récurrents	Niet-recurrente bedrijfs- of financiële opbrengsten
760	Reprises d'amortissements et de réductions de valeur	Terugneming van afschrijvingen en waardeverminderingen
760000	Reprises d'amortissements et de réductions de valeur sur immobilisations incorporelles	Terugneming van afschrijvingen en waardeverminderingen op immateriële vaste activa
760100	Reprises d'amortissements et de réductions de valeur sur immobilisations corporelles	Terugneming van afschrijvingen en waardeverminderingen op materiële vaste activa
761	Reprises de réductions de valeur sur immobilisations financières	Terugneming van waardeverminderingen op financiële vaste activa
761000	Reprises de réductions de valeur sur immobilisations financières	Terugneming van waardeverminderingen op financiële vaste activa
762	Reprises de provisions pour risques et charges non récurrents	Terugneming van voorzieningen voor niet-recurrente risico's en kosten
762000	Reprises de provisions pour risques et charges d'exploitation non récurrents	Terugneming van voorzieningen voor niet-recurrente bedrijfsrisico's en -kosten
762100	Reprises de provisions pour risques et charges financiers non récurrents	Terugneming van voorzieningen voor niet-recurrente financiële risico's en kosten
763	Plus-values sur réalisation d'actifs immobilisés	Meerwaarden op de realisatie van vaste activa
763000	Plus-values sur réalisation d'immobilisations incorporelles et corporelles	Meerwaarden op de realisatie van immateriële en materiële vaste activa
763100	Plus-values sur réalisation d'immobilisations financières	Meerwaarden op de realisatie van financiële vaste activa
764	Autres bénéfices d'exploitation non récurrents	Andere niet-recurrente bedrijfsopbrengsten
764000	Autres bénéfices d'exploitation non récurrents	Andere niet-recurrente bedrijfsopbrengsten
769	Autres produits financiers non récurrents	Andere niet-recurrente financiële opbrengsten
769000	Autres produits financiers non récurrents	Andere niet-recurrente financiële opbrengsten
77	Régularisations d'impôts et reprises de provisions fiscales	Regularisering van belastingen en terugneming van fiscale voorzieningen
771	Impôts belges sur le résultat	Belgische belastingen op het resultaat
771000	Régularisations d'impôts dus ou versés	Regularisering van verschuldigde of betaalde belastingen
771100	Régularisations d'impôts estimés	Regularisering van geraamde belastingen
771200	Reprises de provisions fiscales	Terugneming van fiscale voorzieningen
773	Impôts étrangers sur le résultat	Buitenlandse belastingen op het resultaat
773000	Régularisations d'impôts étrangers sur le résultat	Regularisering van buitenlandse belastingen op het resultaat
78	Prélèvements sur les réserves immunisées et les impôts différés	Onttrekkingen aan de belastingvrije reserves en uitgestelde belastingen
780	Prélèvements sur les impôts différés	Onttrekkingen aan de uitgestelde belastingen
780000	Prélèvement sur les impôts différés	Onttrekking aan de uitgestelde belastingen
789	Prélèvement sur les réserves immunisées	Onttrekkingen aan de belastingvrije reserves
789000	Prélèvement sur les réserves immunisées	Onttrekking aan de belastingvrije reserves
79	Affectations et prélèvements	Resultaatverwerking
790	Bénéfice reporté de l'exercice précédent	Overgedragen winst van het vorige boekjaar
790000	Bénéfice reporté de l'exercice précédent	Overgedragen winst van het vorige boekjaar
791	Prélèvements sur l'apport	Onttrekking aan de inbreng
791000	Prélèvements sur l'apport	Onttrekking aan de inbreng
792	Prélèvements sur les réserves	Onttrekking aan de reserves
792000	Prélèvements sur les réserves	Onttrekking aan de reserves
793	Perte à reporter	Over te dragen verlies
793000	Perte à reporter	Over te dragen verlies
794	Intervention d'associés (ou du propriétaire) dans la perte	Tussenkomst van vennoten (of van de eigenaar) in het verlies
794000	Intervention des associés (ou du propriétaire) dans la perte	Tussenkomst van vennoten (of van de eigenaar) in het verlies
